Date,Open,High,Low,Close,adj_close,Volume,chg
2/1/1985,179.630005,183.949997,177.75,181.179993,181.179993,2194620000,0.862878114
3/1/1985,181.179993,183.889999,176.529999,180.660004,180.660004,2153090000,-0.287001336
4/1/1985,180.660004,183.610001,177.860001,179.830002,179.830002,1981880000,-0.459427644
5/1/1985,179.830002,189.979996,178.350006,189.550003,189.550003,2350340000,5.405105317
6/1/1985,189.550003,191.850006,185.029999,191.850006,191.850006,2117000000,1.213401722
7/1/1985,191.850006,196.070007,189.300003,190.919998,190.919998,2463070000,-0.484757869
8/1/1985,190.919998,192.169998,186.100006,188.630005,188.630005,1923200000,-1.199451615
9/1/1985,188.630005,188.800003,179.449997,182.080002,182.080002,1860160000,-3.472407796
10/1/1985,182.059998,190.149994,181.160004,189.820007,189.820007,2543240000,4.250881434
11/1/1985,189.820007,203.399994,189.369995,202.169998,202.169998,2445370000,6.506158753
12/1/1985,202.169998,213.080002,200.100006,211.279999,211.279999,2804380000,4.50610926
1/1/1986,211.279999,214.570007,202.600006,211.779999,211.779999,2879010000,0.236652784
2/1/1986,211.779999,227.919998,210.820007,226.919998,226.919998,2899100000,7.148927695
3/1/1986,226.919998,240.110001,222.179993,238.899994,238.899994,3214600000,5.279391903
4/1/1986,238.899994,245.470001,226.300003,235.520004,235.520004,3240400000,-1.414813765
5/1/1986,235.520004,249.190002,232.259995,247.350006,247.350006,2680240000,5.022928753
6/1/1986,246.039993,251.809998,238.229996,250.839996,250.839996,2649600000,1.410952058
7/1/1986,250.669998,253.199997,233.070007,236.119995,236.119995,3029900000,-5.868283063
8/1/1986,236.119995,254.240005,231.919998,252.929993,252.929993,2701900000,7.119260696
9/1/1986,252.929993,254.130005,228.080002,231.320007,231.320007,3166300000,-8.543860593
10/1/1986,231.320007,244.509995,231.320007,243.979996,243.979996,3016740000,5.472933001
11/1/1986,243.970001,249.220001,235.509995,249.220001,249.220001,2940830000,2.147719111
12/1/1986,249.220001,254.869995,241.279999,242.169998,242.169998,3260870000,-2.828827129
1/1/1987,242.169998,280.959991,242.169998,274.079987,274.079987,4040880000,13.17668962
2/1/1987,274.079987,287.549988,273.160004,284.200012,284.200012,3485300000,3.692361894
3/1/1987,284.170013,302.720001,282.299988,291.700012,291.700012,3965100000,2.638986518
4/1/1987,291.589996,303.649994,275.670013,288.359985,288.359985,3931700000,-1.145021208
5/1/1987,286.98999,298.690002,277.01001,290.100006,290.100006,3417700000,0.603419715
6/1/1987,290.119995,310.269989,286.929993,304,304,3595000000,4.791449056
7/1/1987,303.98999,318.850006,302.529999,318.660004,318.660004,3966400000,4.822369737
8/1/1987,318.619995,337.890015,314.51001,329.799988,329.799988,4062400000,3.49588397
9/1/1987,329.809998,332.179993,308.559998,321.829987,321.829987,3723200000,-2.416616522
10/1/1987,321.829987,328.940002,216.460007,251.789993,251.789993,6094500000,-21.76304161
11/1/1987,251.729996,257.209991,225.75,230.300003,230.300003,3589530000,-8.534886452
12/1/1987,230.320007,253.350006,221.240005,247.080002,247.080002,3926750000,7.286147973
1/1/1988,247.100006,261.779999,240.169998,257.070007,257.070007,3494700000,4.043226857
2/1/1988,257.049988,267.820007,247.820007,267.820007,267.820007,3693240000,4.181740268
3/1/1988,267.820007,272.640015,256.070007,258.890015,258.890015,4052970000,-3.334325953
4/1/1988,258.890015,272.049988,254.710007,261.329987,261.329987,3260760000,0.942474355
5/1/1988,261.359985,263.700012,248.850006,262.160004,262.160004,3231370000,0.317612613
6/1/1988,262.160004,276.880005,262.100006,273.5,273.5,4306710000,4.325601094
7/1/1988,273.5,276.359985,262.480011,272.019989,272.019989,3338470000,-0.541137477
8/1/1988,272.029999,274.200012,256.529999,261.519989,261.519989,3327470000,-3.860010449
9/1/1988,261.519989,274.869995,256.980011,271.910004,271.910004,3059450000,3.972933404
10/1/1988,271.890015,283.950012,268.839996,278.970001,278.970001,3415160000,2.596446212
11/1/1988,278.970001,280.369995,262.850006,273.700012,273.700012,2822820000,-1.889088067
12/1/1988,273.679993,280.450012,270.470001,277.720001,277.720001,2844900000,1.468757334
1/1/1989,277.720001,297.51001,273.809998,297.470001,297.470001,3532220000,7.111479162
2/1/1989,297.470001,300.570007,286.26001,288.859985,288.859985,3216280000,-2.894414889
3/1/1989,288.859985,299.98999,286.459991,294.869995,294.869995,3504530000,2.080596245
4/1/1989,294.869995,310.450012,294.350006,309.640015,309.640015,3237250000,5.008993879
5/1/1989,309.640015,323.059998,304.059998,320.519989,320.519989,3747320000,3.513749345
6/1/1989,320.51001,329.190002,314.380005,317.980011,317.980011,3966590000,-0.792455412
7/1/1989,317.980011,346.079987,317.26001,346.079987,346.079987,3249030000,8.837025922
8/1/1989,346.079987,352.730011,339,351.450012,351.450012,3949100000,1.551671637
9/1/1989,351.450012,354.130005,341.369995,349.149994,349.149994,3035020000,-0.65443674
10/1/1989,349.149994,360.440002,327.119995,340.359985,340.359985,4012670000,-2.517545224
11/1/1989,340.359985,346.5,330.910004,345.98999,345.98999,3032160000,1.654132462
12/1/1989,346.01001,354.100006,339.630005,353.399994,353.399994,3213420000,2.141681613
1/1/1990,353.399994,360.589996,319.829987,329.079987,329.079987,3793250000,-6.881722528
2/1/1990,329.079987,336.089996,322.100006,331.890015,331.890015,2961970000,0.853904252
3/1/1990,331.890015,344.48999,331.079987,339.940002,339.940002,3283280000,2.425498399
4/1/1990,339.940002,347.299988,327.76001,330.799988,330.799988,2801220000,-2.688713875
5/1/1990,330.799988,362.26001,330.799988,361.230011,361.230011,3596680000,9.198919016
6/1/1990,361.26001,368.779999,351.230011,358.019989,358.019989,3226280000,-0.888636576
7/1/1990,358.019989,369.779999,350.089996,356.149994,356.149994,3373540000,-0.522315808
8/1/1990,356.149994,357.350006,306.179993,322.559998,322.559998,4020730000,-9.431418382
9/1/1990,322.559998,326.529999,295.980011,306.049988,306.049988,2687280000,-5.118430711
10/1/1990,306.100006,319.690002,294.51001,304,304,3671900000,-0.669821297
11/1/1990,303.98999,323.019989,301.609985,322.220001,322.220001,3149770000,5.993421382
12/1/1990,322.230011,333.980011,321.970001,330.220001,330.220001,3116830000,2.482775736
1/1/1991,330.200012,343.929993,309.350006,343.929993,343.929993,3660240000,4.151775168
2/1/1991,343.910004,370.959991,340.369995,367.070007,367.070007,4303170000,6.728117486
3/1/1991,367.070007,379.660004,363.730011,375.220001,375.220001,3927920000,2.220283282
4/1/1991,375.220001,391.26001,370.269989,375.339996,375.339996,4017200000,0.031979905
5/1/1991,375.350006,389.850006,365.829987,389.829987,389.829987,3739700000,3.860497457
6/1/1991,389.809998,389.809998,367.980011,371.160004,371.160004,3258730000,-4.789262915
7/1/1991,371.179993,387.809998,370.920013,387.809998,387.809998,3481570000,4.48593432
8/1/1991,387.809998,396.820007,374.089996,395.429993,395.429993,3713820000,1.96487843
9/1/1991,395.429993,397.619995,382.769989,387.859985,387.859985,3260990000,-1.914373754
10/1/1991,387.859985,393.809998,376.109985,392.450012,392.450012,4082380000,1.183423704
11/1/1991,392.459991,398.220001,371.630005,375.220001,375.220001,3737620000,-4.390370868
12/1/1991,375.109985,418.320007,371.359985,417.089996,417.089996,4155310000,11.15878548
1/1/1992,417.029999,421.179993,408.640015,408.779999,408.779999,5286280000,-1.992375046
2/1/1992,408.790009,418.079987,406.339996,412.700012,412.700012,4267610000,0.958954208
3/1/1992,412.679993,413.779999,401.940002,403.690002,403.690002,4066240000,-2.18318627
4/1/1992,403.670013,416.279999,392.410004,414.950012,414.950012,4315840000,2.789271457
5/1/1992,414.950012,418.75,409.850006,415.350006,415.350006,3643980000,0.096395708
6/1/1992,415.350006,417.299988,399.920013,408.140015,408.140015,4259830000,-1.735883206
7/1/1992,408.200012,424.799988,407.200012,424.209991,424.209991,4265220000,3.937368405
8/1/1992,424.190002,425.140015,408.299988,414.029999,414.029999,3653820000,-2.399753003
9/1/1992,414.029999,425.269989,412.709991,417.799988,417.799988,4023850000,0.910559382
10/1/1992,417.799988,421.160004,396.799988,418.679993,418.679993,4507010000,0.210628297
11/1/1992,418.660004,431.929993,415.579987,431.350006,431.350006,4148770000,3.026180666
12/1/1992,431.350006,442.649994,428.609985,435.709991,435.709991,4876150000,1.010776617
1/1/1993,435.700012,442.660004,426.880005,438.779999,438.779999,5280850000,0.704598945
2/1/1993,438.779999,450.040009,428.25,443.380005,443.380005,5442450000,1.048362735
3/1/1993,443.380005,456.76001,441.070007,451.670013,451.670013,5766950000,1.869729782
4/1/1993,451.670013,452.630005,432.299988,440.190002,440.190002,5853170000,-2.541681021
5/1/1993,440.190002,454.549988,436.859985,450.190002,450.190002,5108640000,2.271746281
6/1/1993,450.230011,455.630005,442.5,450.529999,450.529999,5544400000,0.075523001
7/1/1993,450.540009,451.149994,441.399994,448.130005,448.130005,5308530000,-0.532704594
8/1/1993,448.130005,463.559998,446.940002,463.559998,463.559998,5506200000,3.443195686
9/1/1993,463.549988,463.799988,449.640015,458.929993,458.929993,5552720000,-0.998793041
10/1/1993,458.929993,471.100006,456.399994,467.829987,467.829987,5940460000,1.939292296
11/1/1993,467.829987,469.109985,454.359985,461.790009,461.790009,5876610000,-1.291062601
12/1/1993,461.929993,471.290009,461.450012,466.450012,466.450012,5791210000,1.009117328
1/1/1994,466.51001,482.850006,464.359985,481.609985,481.609985,6627390000,3.250074522
2/1/1994,481.600006,482.230011,464.26001,467.140015,467.140015,5853100000,-3.004499585
3/1/1994,467.190002,471.089996,436.160004,445.769989,445.769989,7225010000,-4.574651135
4/1/1994,445.660004,452.790009,435.859985,450.910004,450.910004,5735010000,1.153064389
5/1/1994,450.910004,457.769989,440.779999,456.5,456.5,5675970000,1.239714344
6/1/1994,456.5,463.230011,439.829987,444.269989,444.269989,5852670000,-2.679082366
7/1/1994,444.269989,459.329987,443.579987,458.26001,458.26001,4980100000,3.148990782
8/1/1994,458.279999,477.589996,456.079987,475.48999,475.48999,6398750000,3.759869861
9/1/1994,475.48999,475.48999,458.470001,462.709991,462.709991,6152870000,-2.687753532
10/1/1994,462.690002,474.73999,449.269989,472.350006,472.350006,6344700000,2.08338164
11/1/1994,472.26001,472.26001,444.179993,453.690002,453.690002,6251240000,-3.95046126
12/1/1994,453.549988,462.730011,442.880005,459.269989,459.269989,6351530000,1.229911829
1/1/1995,459.209991,471.359985,457.200012,470.420013,470.420013,6852060000,2.427771086
2/1/1995,470.420013,489.190002,469.290009,487.390015,487.390015,6330100000,3.607414976
3/1/1995,487.390015,508.149994,479.700012,500.709991,500.709991,7792400000,2.732919344
4/1/1995,500.700012,515.289978,500.200012,514.710022,514.710022,6307030000,2.796035879
5/1/1995,514.76001,533.409973,513.030029,533.400024,533.400024,7555690000,3.631171184
6/1/1995,533.400024,551.070007,526,544.75,544.75,7555650000,2.127854422
7/1/1995,544.75,565.400024,542.51001,562.059998,562.059998,7307960000,3.177604039
8/1/1995,562.059998,565.619995,553.039978,561.880005,561.880005,7146620000,-0.032023805
9/1/1995,561.880005,587.609985,561.01001,584.409973,584.409973,7052830000,4.009747241
10/1/1995,584.409973,590.659973,571.549988,581.5,581.5,8043320000,-0.497933494
11/1/1995,581.5,608.690002,581.039978,605.369995,605.369995,7602150000,4.104900258
12/1/1995,605.369995,622.880005,605.049988,615.929993,615.929993,7697540000,1.744387414
1/1/1996,615.929993,636.179993,597.289978,636.02002,636.02002,9188050000,3.261738709
2/1/1996,636.02002,664.22998,633.710022,640.429993,640.429993,8749960000,0.693370155
3/1/1996,640.429993,656.969971,627.630005,645.5,645.5,8984200000,0.791656708
4/1/1996,645.5,656.679993,624.140015,654.169983,654.169983,8875580000,1.343142215
5/1/1996,654.169983,681.099976,630.070007,669.119995,669.119995,8921140000,2.285340567
6/1/1996,669.119995,680.320007,658.75,670.630005,670.630005,7930840000,0.225671032
7/1/1996,670.630005,675.880005,605.880005,639.950012,639.950012,8849860000,-4.574801719
8/1/1996,639.950012,670.679993,639.48999,651.98999,651.98999,7380320000,1.881393511
9/1/1996,651.98999,690.880005,643.969971,687.330017,687.330017,8064070000,5.420332757
10/1/1996,687.309998,714.099976,684.440002,705.27002,705.27002,9703670000,2.610100324
11/1/1996,705.27002,762.119995,701.299988,757.02002,757.02002,8763850000,7.337615173
12/1/1996,757.02002,761.75,716.690002,740.73999,740.73999,9089170000,-2.15054154
1/1/1997,740.73999,794.669983,729.549988,786.159973,786.159973,11635830000,6.131703919
2/1/1997,786.159973,817.679993,773.429993,790.820007,790.820007,9715930000,0.592759001
3/1/1997,790.820007,814.900024,756.130005,757.119995,757.119995,10120760000,-4.26140104
4/1/1997,757.119995,804.130005,733.539978,801.340027,801.340027,10454880000,5.840557942
5/1/1997,801.340027,851.869995,793.210022,848.280029,848.280029,10106650000,5.857688424
6/1/1997,848.280029,902.090027,838.820007,885.140015,885.140015,10857950000,4.345261557
7/1/1997,885.140015,957.72998,884.539978,954.309998,954.309998,11958120000,7.814580951
8/1/1997,954.289978,964.169983,893.340027,899.469971,899.469971,10606100000,-5.746563183
9/1/1997,899.469971,960.590027,899.469971,947.280029,947.280029,11383000000,5.315358994
10/1/1997,947.280029,983.119995,855.27002,914.619995,914.619995,14017260000,-3.44776972
11/1/1997,914.619995,964.549988,900.609985,955.400024,955.400024,10173620000,4.458685489
12/1/1997,955.400024,986.25,924.919983,970.429993,970.429993,11958880000,1.573159789
1/1/1998,970.429993,992.650024,912.830017,980.280029,980.280029,12733830000,1.01501768
2/1/1998,980.280029,1051.660034,980.280029,1049.339966,1049.339966,11656550000,7.044919304
3/1/1998,1049.339966,1113.069946,1030.869995,1101.75,1101.75,13719590000,4.994571416
4/1/1998,1101.75,1132.97998,1076.699951,1111.75,1111.75,13656060000,0.907646925
5/1/1998,1111.75,1130.52002,1074.390015,1090.819946,1090.819946,11477140000,-1.882622352
6/1/1998,1090.819946,1145.150024,1074.670044,1133.839966,1133.839966,13551970000,3.943824108
7/1/1998,1133.839966,1190.579956,1114.300049,1120.670044,1120.670044,14194800000,-1.161532703
8/1/1998,1120.670044,1121.790039,957.280029,957.280029,957.280029,15071550000,-14.57967186
9/1/1998,957.280029,1066.109985,939.97998,1017.01001,1017.01001,16714080000,6.239551562
10/1/1998,1017.01001,1103.780029,923.320007,1098.670044,1098.670044,18001650000,8.029422837
11/1/1998,1098.670044,1192.969971,1098.670044,1163.630005,1163.630005,13451280000,5.912599634
12/1/1998,1163.630005,1244.930054,1136.890015,1229.22998,1229.22998,15181450000,5.637528658
1/1/1999,1229.22998,1280.369995,1205.459961,1279.640015,1279.640015,16213500000,4.100944154
2/1/1999,1279.640015,1283.839966,1211.890015,1238.329956,1238.329956,14555860000,-3.228256269
3/1/1999,1238.329956,1323.819946,1216.030029,1286.369995,1286.369995,18002500000,3.879421536
4/1/1999,1286.369995,1371.560059,1282.560059,1335.180054,1335.180054,18523200000,3.794402792
5/1/1999,1335.180054,1375.97998,1277.310059,1301.839966,1301.839966,15880260000,-2.497048087
6/1/1999,1301.839966,1372.930054,1277.469971,1372.709961,1372.709961,16079170000,5.443833102
7/1/1999,1372.709961,1420.329956,1328.48999,1328.719971,1328.719971,15332930000,-3.204609222
8/1/1999,1328.719971,1382.839966,1267.72998,1320.410034,1320.410034,15818550000,-0.625409204
9/1/1999,1320.410034,1361.390015,1256.26001,1282.709961,1282.709961,16438700000,-2.855179227
10/1/1999,1282.709961,1373.170044,1233.699951,1362.930054,1362.930054,18832000000,6.253954163
11/1/1999,1362.930054,1425.310059,1346.410034,1388.910034,1388.910034,18384820000,1.906185862
12/1/1999,1388.910034,1473.099976,1387.380005,1469.25,1469.25,19640690000,5.784389488
1/1/2000,1469.25,1478,1350.140015,1394.459961,1394.459961,21494400000,-5.090354875
2/1/2000,1394.459961,1444.550049,1325.069946,1366.420044,1366.420044,20912000000,-2.010808326
3/1/2000,1366.420044,1552.869995,1346.619995,1498.579956,1498.579956,26156200000,9.671982827
4/1/2000,1498.579956,1527.189941,1339.400024,1452.430054,1452.430054,20106460000,-3.079575555
5/1/2000,1452.430054,1481.51001,1361.089966,1420.599976,1420.599976,19898300000,-2.191505051
6/1/2000,1420.599976,1488.930054,1420.599976,1454.599976,1454.599976,21738300000,2.393354961
7/1/2000,1454.599976,1517.319946,1413.890015,1430.829956,1430.829956,19089100000,-1.634127622
8/1/2000,1430.829956,1525.209961,1425.430054,1517.680054,1517.680054,20363700000,6.069910518
9/1/2000,1517.680054,1530.089966,1419.439941,1436.51001,1436.51001,20838300000,-5.348297475
10/1/2000,1436.52002,1454.819946,1305.790039,1429.400024,1429.400024,25951400000,-0.494948587
11/1/2000,1429.400024,1438.459961,1294.900024,1314.949951,1314.949951,20532300000,-8.006860996
12/1/2000,1314.949951,1389.050049,1254.069946,1320.280029,1320.280029,23610800000,0.405344553
1/1/2001,1320.280029,1383.369995,1274.619995,1366.01001,1366.01001,27829800000,3.463657709
2/1/2001,1366.01001,1376.380005,1215.439941,1239.939941,1239.939941,21644400000,-9.229073585
3/1/2001,1239.939941,1267.420044,1081.189941,1160.329956,1160.329956,27806610000,-6.420471054
4/1/2001,1160.329956,1269.300049,1091.98999,1249.459961,1249.459961,25409990000,7.681436176
5/1/2001,1249.459961,1315.930054,1232,1255.819946,1255.819946,24525900000,0.509018712
6/1/2001,1255.819946,1286.619995,1203.030029,1224.380005,1224.380005,24748030000,-2.503538911
7/1/2001,1224.420044,1239.780029,1165.540039,1211.22998,1211.22998,23793710000,-1.074015007
8/1/2001,1211.22998,1226.27002,1124.869995,1133.579956,1133.579956,23359200000,-6.410840656
9/1/2001,1133.579956,1155.400024,944.75,1040.939941,1040.939941,25025290000,-8.172340602
10/1/2001,1040.939941,1110.609985,1026.76001,1059.780029,1059.780029,29951280000,1.809911145
11/1/2001,1059.780029,1163.380005,1054.310059,1139.449951,1139.449951,26330000000,7.517590426
12/1/2001,1139.449951,1173.619995,1114.530029,1148.079956,1148.079956,25128570000,0.757383419
1/1/2002,1148.079956,1176.969971,1081.660034,1130.199951,1130.199951,29746200000,-1.557383256
2/1/2002,1130.199951,1130.199951,1074.359985,1106.72998,1106.72998,26047600000,-2.076621131
3/1/2002,1106.72998,1173.939941,1106.72998,1147.390015,1147.390015,26563200000,3.673889362
4/1/2002,1147.390015,1147.839966,1063.459961,1076.920044,1076.920044,28568900000,-6.141762616
5/1/2002,1076.920044,1106.589966,1048.959961,1067.140015,1067.140015,26905500000,-0.908148108
6/1/2002,1067.140015,1070.73999,952.919983,989.820007,989.820007,29981510000,-7.245535442
7/1/2002,989.820007,994.460022,775.679993,911.619995,911.619995,42228720000,-7.900427497
8/1/2002,911.619995,965,833.440002,916.070007,916.070007,29298400000,0.488143308
9/1/2002,916.070007,924.02002,800.200012,815.280029,815.280029,27723710000,-11.00243183
10/1/2002,815.280029,907.440002,768.630005,885.76001,885.76001,37856310000,8.644880102
11/1/2002,885.76001,941.820007,872.049988,936.309998,936.309998,29200960000,5.706962092
12/1/2002,936.309998,954.280029,869.450012,879.820007,879.820007,25993640000,-6.033257267
1/1/2003,879.820007,935.049988,840.340027,855.700012,855.700012,30749580000,-2.741469256
2/1/2003,855.700012,864.640015,806.289978,841.150024,841.150024,25235300000,-1.70036085
3/1/2003,841.150024,895.900024,788.900024,848.179993,848.179993,30080030000,0.835756857
4/1/2003,848.179993,924.23999,847.849976,916.919983,916.919983,29669610000,8.104410687
5/1/2003,916.919983,965.380005,902.830017,963.590027,963.590027,30952100000,5.089870966
6/1/2003,963.590027,1015.330017,963.590027,974.5,974.5,31219400000,1.132221453
7/1/2003,974.5,1015.409973,962.099976,990.309998,990.309998,31553200000,1.622370241
8/1/2003,990.309998,1011.01001,960.840027,1008.01001,1008.01001,24881470000,1.787320338
9/1/2003,1008.01001,1040.290039,990.359985,995.969971,995.969971,29940110000,-1.194436452
10/1/2003,995.969971,1053.790039,995.969971,1050.709961,1050.709961,32298500000,5.496148638
11/1/2003,1050.709961,1063.650024,1031.199951,1058.199951,1058.199951,24463220000,0.712850385
12/1/2003,1058.199951,1112.560059,1053.410034,1111.920044,1111.920044,27839130000,5.0765541
1/1/2004,1111.920044,1155.380005,1105.079956,1131.130005,1131.130005,32820000000,1.727638701
2/1/2004,1131.130005,1158.97998,1124.439941,1144.939941,1144.939941,27985600000,1.220897327
3/1/2004,1144.939941,1163.22998,1087.160034,1126.209961,1126.209961,33597900000,-1.635891921
4/1/2004,1126.209961,1150.569946,1107.22998,1107.300049,1107.300049,31611900000,-1.679075186
5/1/2004,1107.300049,1127.73999,1076.319946,1120.680054,1120.680054,29326400000,1.20834502
6/1/2004,1120.680054,1146.339966,1113.319946,1140.839966,1140.839966,27529500000,1.798899867
7/1/2004,1140.839966,1140.839966,1078.780029,1101.719971,1101.719971,29285600000,-3.429051941
8/1/2004,1101.719971,1109.680054,1060.719971,1104.23999,1104.23999,26586800000,0.228734984
9/1/2004,1104.23999,1131.540039,1099.180054,1114.579956,1114.579956,26829870000,0.936387569
10/1/2004,1114.579956,1142.050049,1090.290039,1130.199951,1130.199951,31511000000,1.401424359
11/1/2004,1130.199951,1188.459961,1127.599976,1173.819946,1173.819946,30460280000,3.85949362
12/1/2004,1173.780029,1217.329956,1173.780029,1211.920044,1211.920044,31102500000,3.245821314
1/1/2005,1211.920044,1217.800049,1163.75,1181.27002,1181.27002,31498800000,-2.52904671
2/1/2005,1181.27002,1212.439941,1180.949951,1203.599976,1203.599976,29297410000,1.890334608
3/1/2005,1203.599976,1229.109985,1163.689941,1180.589966,1180.589966,39014150000,-1.911765575
4/1/2005,1180.589966,1191.880005,1136.150024,1156.849976,1156.849976,43424270000,-2.010858188
5/1/2005,1156.849976,1199.560059,1146.180054,1191.5,1191.5,39321990000,2.995204626
6/1/2005,1191.5,1219.589966,1188.300049,1191.329956,1191.329956,40334040000,-0.014271423
7/1/2005,1191.329956,1245.150024,1183.550049,1234.180054,1234.180054,37464670000,3.596828719
8/1/2005,1234.180054,1245.859985,1201.069946,1220.329956,1220.329956,42030090000,-1.122210487
9/1/2005,1220.329956,1243.130005,1205.349976,1228.810059,1228.810059,44777510000,0.694902469
10/1/2005,1228.810059,1233.339966,1168.199951,1207.01001,1207.01001,49793790000,-1.774078007
11/1/2005,1207.01001,1270.640015,1201.069946,1249.47998,1249.47998,45102870000,3.518609593
12/1/2005,1249.47998,1275.800049,1246.589966,1248.290039,1248.290039,41756130000,-0.095234899
1/1/2006,1248.290039,1294.900024,1245.73999,1280.079956,1280.079956,49211650000,2.546677135
2/1/2006,1280.079956,1297.569946,1253.609985,1280.660034,1280.660034,42859940000,0.045315763
3/1/2006,1280.660034,1310.880005,1268.420044,1294.869995,1294.869995,50905040000,1.109581046
4/1/2006,1302.880005,1318.160034,1280.73999,1310.609985,1310.609985,43308430000,1.215565274
5/1/2006,1310.609985,1326.699951,1245.339966,1270.089966,1270.089966,54312830000,-3.091691614
6/1/2006,1270.050049,1290.680054,1219.290039,1270.199951,1270.199951,54873260000,0.008659623
7/1/2006,1270.060059,1280.420044,1224.540039,1276.660034,1276.660034,46348220000,0.50858788
8/1/2006,1278.530029,1306.73999,1261.300049,1303.819946,1303.819946,50485620000,2.127419303
9/1/2006,1303.800049,1340.280029,1290.930054,1335.849976,1335.849976,49001440000,2.456629851
10/1/2006,1335.819946,1389.449951,1327.099976,1377.939941,1377.939941,56793620000,3.150800296
11/1/2006,1377.76001,1407.890015,1360.97998,1400.630005,1400.630005,55343930000,1.646665673
12/1/2006,1400.630005,1431.810059,1385.930054,1418.300049,1418.300049,47578780000,1.261578285
1/1/2007,1418.030029,1441.609985,1403.969971,1438.23999,1438.23999,56686200000,1.405904274
2/1/2007,1437.900024,1461.569946,1389.420044,1406.819946,1406.819946,51844990000,-2.184617603
3/1/2007,1406.800049,1438.890015,1363.97998,1420.859985,1420.859985,67622250000,0.99799829
4/1/2007,1420.829956,1498.02002,1416.369995,1482.369995,1482.369995,57032470000,4.32906906
5/1/2007,1482.369995,1535.560059,1476.699951,1530.619995,1530.619995,64958050000,3.254922871
6/1/2007,1530.619995,1540.560059,1484.180054,1503.349976,1503.349976,65322800000,-1.78163222
7/1/2007,1504.660034,1555.900024,1454.25,1455.27002,1455.27002,70337430000,-3.198187832
8/1/2007,1455.180054,1503.890015,1370.599976,1473.98999,1473.98999,91381760000,1.286357153
9/1/2007,1473.959961,1538.73999,1439.290039,1526.75,1526.75,57809700000,3.579400834
10/1/2007,1527.290039,1576.089966,1489.560059,1549.380005,1549.380005,76022580000,1.48223383
11/1/2007,1545.790039,1545.790039,1406.099976,1481.140015,1481.140015,86246950000,-4.404341722
12/1/2007,1479.630005,1523.569946,1435.650024,1468.359985,1468.359985,64821670000,-0.862850903
1/1/2008,1467.969971,1471.77002,1270.050049,1378.550049,1378.550049,98475340000,-6.116343194
2/1/2008,1378.599976,1396.02002,1316.75,1330.630005,1330.630005,78536130000,-3.476119277
3/1/2008,1330.449951,1359.680054,1256.97998,1322.699951,1322.699951,93189170000,-0.595962361
4/1/2008,1326.410034,1404.569946,1324.349976,1385.589966,1385.589966,85978630000,4.754669791
5/1/2008,1385.969971,1440.23999,1373.069946,1400.380005,1400.380005,80990480000,1.067418166
6/1/2008,1399.619995,1404.050049,1272,1280,1280,96614040000,-8.59623849
7/1/2008,1276.689941,1292.170044,1200.439941,1267.380005,1267.380005,1.24981E+11,-0.985937109
8/1/2008,1269.420044,1313.150024,1247.449951,1282.829956,1282.829956,86266010000,1.219046453
9/1/2008,1287.829956,1303.040039,1106.420044,1166.359985,1166.359985,1.40007E+11,-9.079143378
10/1/2008,1164.170044,1167.030029,839.799988,968.75,968.75,1.59823E+11,-16.94245238
11/1/2008,968.669983,1007.51001,741.02002,896.23999,896.23999,1.1566E+11,-7.484904258
12/1/2008,888.609985,918.849976,815.690002,903.25,903.25,1.12884E+11,0.78215769
1/1/2009,902.98999,943.849976,804.299988,825.880005,825.880005,1.12091E+11,-8.565734293
2/1/2009,823.090027,875.01001,734.52002,735.090027,735.090027,1.24492E+11,-10.99311976
3/1/2009,729.570007,832.97998,666.789978,797.869995,797.869995,1.61844E+11,8.540446162
4/1/2009,793.590027,888.700012,783.320007,872.809998,872.809998,1.38855E+11,9.392507986
5/1/2009,872.73999,930.169983,866.099976,919.140015,919.140015,1.31615E+11,5.308144626
6/1/2009,923.26001,956.22998,888.859985,919.320007,919.320007,1.12653E+11,0.019582653
7/1/2009,920.820007,996.679993,869.320007,987.47998,987.47998,1.06636E+11,7.414172702
8/1/2009,990.219971,1039.469971,978.51001,1020.619995,1020.619995,1.16059E+11,3.356018924
9/1/2009,1019.52002,1080.150024,991.969971,1057.079956,1057.079956,1.12295E+11,3.572334579
10/1/2009,1054.910034,1101.359985,1019.950012,1036.189941,1036.189941,1.13411E+11,-1.976200086
11/1/2009,1036.180054,1113.689941,1029.380005,1095.630005,1095.630005,84981530000,5.736406198
12/1/2009,1098.890015,1130.380005,1085.890015,1115.099976,1115.099976,89515330000,1.777057119
1/1/2010,1116.560059,1150.449951,1071.589966,1073.869995,1073.869995,90947580000,-3.697424615
2/1/2010,1073.890015,1112.420044,1044.5,1104.48999,1104.48999,84561340000,2.851368894
3/1/2010,1105.359985,1180.689941,1105.359985,1169.430054,1169.430054,1.03684E+11,5.879642603
4/1/2010,1171.22998,1219.800049,1170.689941,1186.689941,1186.689941,1.16742E+11,1.475922988
5/1/2010,1188.579956,1205.130005,1040.780029,1089.410034,1089.410034,1.27663E+11,-8.197584191
6/1/2010,1087.300049,1131.22998,1028.329956,1030.709961,1030.709961,1.10107E+11,-5.388244203
7/1/2010,1031.099976,1120.949951,1010.909973,1101.599976,1101.599976,94778110000,6.877784991
8/1/2010,1107.530029,1129.23999,1039.699951,1049.329956,1049.329956,85738250000,-4.744918404
9/1/2010,1049.719971,1157.160034,1049.719971,1141.199951,1141.199951,79589450000,8.755110294
10/1/2010,1143.48999,1196.140015,1131.869995,1183.26001,1183.26001,89536270000,3.68559944
11/1/2010,1185.709961,1227.079956,1173,1180.550049,1180.550049,87151070000,-0.22902498
12/1/2010,1186.599976,1262.599976,1186.599976,1257.640015,1257.640015,80984530000,6.530004049
1/1/2011,1257.619995,1302.670044,1257.619995,1286.119995,1286.119995,92164940000,2.264557398
2/1/2011,1289.140015,1344.069946,1289.140015,1327.219971,1327.219971,59223660000,3.195656405
3/1/2011,1328.640015,1332.280029,1249.050049,1325.829956,1325.829956,89507640000,-0.10473132
4/1/2011,1329.47998,1364.560059,1294.699951,1363.609985,1363.609985,77364810000,2.849538044
5/1/2011,1365.209961,1370.579956,1311.800049,1345.199951,1345.199951,81708980000,-1.350095277
6/1/2011,1345.199951,1345.199951,1258.069946,1320.640015,1320.640015,86122730000,-1.825746127
7/1/2011,1320.640015,1356.47998,1282.859985,1292.280029,1292.280029,81102170000,-2.147442579
8/1/2011,1292.589966,1307.380005,1101.540039,1218.890015,1218.890015,1.08419E+11,-5.679110746
9/1/2011,1219.119995,1229.290039,1114.219971,1131.420044,1131.420044,1.02787E+11,-7.17619883
10/1/2011,1131.209961,1292.660034,1074.77002,1253.300049,1253.300049,98063670000,10.77230385
11/1/2011,1251,1277.550049,1158.660034,1246.959961,1246.959961,84275050000,-0.505871519
12/1/2011,1246.910034,1269.369995,1202.369995,1257.599976,1257.599976,74742430000,0.853276395
1/1/2012,1258.859985,1333.469971,1258.859985,1312.410034,1312.410034,79567560000,4.358306222
2/1/2012,1312.449951,1378.040039,1312.449951,1365.680054,1365.680054,78385710000,4.058946413
3/1/2012,1365.900024,1419.150024,1340.030029,1408.469971,1408.469971,83899660000,3.133231453
4/1/2012,1408.469971,1422.380005,1357.380005,1397.910034,1397.910034,74761710000,-0.749745271
5/1/2012,1397.859985,1415.319946,1291.97998,1310.329956,1310.329956,86920490000,-6.265072563
6/1/2012,1309.869995,1363.459961,1266.73999,1362.160034,1362.160034,81582440000,3.955498213
7/1/2012,1362.329956,1391.73999,1325.410034,1379.319946,1379.319946,73103810000,1.259757413
8/1/2012,1379.319946,1426.680054,1354.650024,1406.579956,1406.579956,70283810000,1.976336968
9/1/2012,1406.540039,1474.51001,1396.560059,1440.670044,1440.670044,69784280000,2.42361537
10/1/2012,1440.900024,1470.959961,1403.280029,1412.160034,1412.160034,71752320000,-1.978940988
11/1/2012,1412.199951,1434.27002,1343.349976,1416.180054,1416.180054,71489310000,0.284671702
12/1/2012,1416.339966,1448,1398.109985,1426.189941,1426.189941,66388180000,0.706823046
1/1/2013,1426.189941,1509.939941,1426.189941,1498.109985,1498.109985,75848510000,5.042809652
2/1/2013,1498.109985,1530.939941,1485.01001,1514.680054,1514.680054,69273480000,1.10606492
3/1/2013,1514.680054,1570.280029,1501.47998,1569.189941,1569.189941,68527110000,3.598772352
4/1/2013,1569.180054,1597.569946,1536.030029,1597.569946,1597.569946,77098000000,1.808576786
5/1/2013,1597.550049,1687.180054,1581.280029,1630.73999,1630.73999,76447250000,2.076281172
6/1/2013,1631.709961,1654.189941,1560.329956,1606.280029,1606.280029,74946790000,-1.499930164
7/1/2013,1609.780029,1698.780029,1604.569946,1685.72998,1685.72998,68106820000,4.946207982
8/1/2013,1689.420044,1709.670044,1627.469971,1632.969971,1632.969971,64802810000,-3.129801903
9/1/2013,1635.949951,1729.859985,1633.410034,1681.550049,1681.550049,66174410000,2.974952318
10/1/2013,1682.410034,1775.219971,1646.469971,1756.540039,1756.540039,76647400000,4.459575262
11/1/2013,1758.699951,1813.550049,1746.199951,1805.810059,1805.810059,63628190000,2.804947164
12/1/2013,1806.550049,1849.439941,1767.98999,1848.359985,1848.359985,64958820000,2.356279155
1/1/2014,1845.859985,1850.839966,1770.449951,1782.589966,1782.589966,75871910000,-3.558290568
2/1/2014,1782.680054,1867.920044,1737.920044,1859.449951,1859.449951,69725590000,4.311702998
3/1/2014,1857.680054,1883.969971,1834.439941,1872.339966,1872.339966,71885030000,0.693216561
4/1/2014,1873.959961,1897.280029,1814.359985,1883.949951,1883.949951,71595810000,0.620078897
5/1/2014,1884.390015,1924.030029,1859.790039,1923.569946,1923.569946,63623630000,2.103028001
6/1/2014,1923.869995,1968.170044,1915.97998,1960.22998,1960.22998,63283380000,1.905833166
7/1/2014,1962.290039,1991.390015,1930.670044,1930.670044,1930.670044,66524690000,-1.507983058
8/1/2014,1929.800049,2005.040039,1904.780029,2003.369995,2003.369995,58131140000,3.765529549
9/1/2014,2004.069946,2019.26001,1964.040039,1972.290039,1972.290039,66706000000,-1.551383722
10/1/2014,1971.439941,2018.189941,1820.660034,2018.050049,2018.050049,93714040000,2.320146079
11/1/2014,2018.209961,2075.76001,2001.01001,2067.560059,2067.560059,63600190000,2.453358876
12/1/2014,2065.780029,2093.550049,1972.560059,2058.899902,2058.899902,80743820000,-0.418858788
1/1/2015,2058.899902,2072.360107,1988.119995,1994.98999,1994.98999,77330040000,-3.104080579
2/1/2015,1996.670044,2119.590088,1980.900024,2104.5,2104.5,68775560000,5.489251101
3/1/2015,2105.22998,2117.52002,2039.689941,2067.889893,2067.889893,76675850000,-1.739610691
4/1/2015,2067.629883,2125.919922,2048.379883,2085.51001,2085.51001,72060940000,0.852081973
5/1/2015,2087.379883,2134.719971,2067.929932,2107.389893,2107.389893,65187730000,1.049138239
6/1/2015,2108.639893,2129.870117,2056.320068,2063.110107,2063.110107,73213980000,-2.101167238
7/1/2015,2067,2132.820068,2044.02002,2103.840088,2103.840088,77920590000,1.97420297
8/1/2015,2104.48999,2112.659912,1867.01001,1972.180054,1972.180054,84626790000,-6.258081817
9/1/2015,1970.089966,2020.859985,1871.910034,1920.030029,1920.030029,79989370000,-2.644283157
10/1/2015,1919.650024,2094.320068,1893.699951,2079.360107,2079.360107,85844900000,8.298311776
11/1/2015,2080.76001,2116.47998,2019.390015,2080.409912,2080.409912,75943590000,0.050486926
12/1/2015,2082.929932,2104.27002,1993.26001,2043.939941,2043.939941,83649260000,-1.753018518
1/1/2016,2038.199951,2038.199951,1812.290039,1940.23999,1940.23999,92409770000,-5.073532197
2/1/2016,1936.939941,1962.959961,1810.099976,1932.22998,1932.22998,93049560000,-0.412836043
3/1/2016,1937.089966,2072.209961,1937.089966,2059.73999,2059.73999,92639420000,6.599111458
4/1/2016,2056.620117,2111.050049,2033.800049,2065.300049,2065.300049,81124990000,0.269939848
5/1/2016,2067.169922,2103.47998,2025.910034,2096.949951,2096.949951,78883600000,1.532460236
6/1/2016,2093.939941,2120.550049,1991.680054,2098.860107,2098.860107,86852700000,0.091092112
7/1/2016,2099.340088,2177.090088,2074.02002,2173.600098,2173.600098,69530250000,3.560980113
8/1/2016,2173.149902,2193.810059,2147.580078,2170.949951,2170.949951,75610310000,-0.121924314
9/1/2016,2171.330078,2187.870117,2119.120117,2168.27002,2168.27002,77270240000,-0.123445084
10/1/2016,2164.330078,2169.600098,2114.719971,2126.149902,2126.149902,73196630000,-1.942567928
11/1/2016,2128.679932,2214.100098,2083.790039,2198.810059,2198.810059,88299760000,3.417452219
12/1/2016,2200.169922,2277.530029,2187.439941,2238.830078,2238.830078,75251240000,1.82007622
1/1/2017,2251.570068,2300.98999,2245.129883,2278.870117,2278.870117,70483180000,1.788435817
2/1/2017,2285.590088,2371.540039,2271.649902,2363.639893,2363.639893,69162420000,3.719816034
3/1/2017,2380.129883,2400.97998,2322.25,2362.719971,2362.719971,81547770000,-0.038919719
4/1/2017,2362.340088,2398.159912,2328.949951,2384.199951,2384.199951,65265670000,0.909120855
5/1/2017,2388.5,2418.709961,2352.719971,2411.800049,2411.800049,79607170000,1.157625139
6/1/2017,2415.649902,2453.820068,2405.699951,2423.409912,2423.409912,81002490000,0.481377509
7/1/2017,2431.389893,2484.040039,2407.699951,2470.300049,2470.300049,63169400000,1.934882612
8/1/2017,2477.100098,2490.870117,2417.350098,2471.649902,2471.649902,70616030000,0.054643281
9/1/2017,2474.419922,2519.439941,2446.550049,2519.360107,2519.360107,66337980000,1.930297853
10/1/2017,2521.199951,2582.97998,2520.399902,2575.26001,2575.26001,70871570000,2.218813533
11/1/2017,2583.209961,2657.73999,2557.449951,2584.840088,2584.840088,95142800000,0.372004301
12/1/2017,2645.100098,2694.969971,2605.52002,2673.610107,2673.610107,65251190000,3.434255736
1/1/2018,2683.72998,2872.870117,2682.360107,2823.810059,2823.810059,76860120000,5.617870444
2/1/2018,2816.449951,2835.959961,2532.689941,2713.830078,2713.830078,79579410000,-3.894737206
3/1/2018,2715.219971,2801.899902,2585.889893,2640.870117,2640.870117,76369800000,-2.688449862
4/1/2018,2633.449951,2717.48999,2553.800049,2648.050049,2648.050049,69648590000,0.271877513
5/1/2018,2642.959961,2742.23999,2594.620117,2705.27002,2705.27002,75617280000,2.160834197
6/1/2018,2718.699951,2791.469971,2691.98999,2718.370117,2718.370117,77439710000,0.484243602
7/1/2018,2704.949951,2848.030029,2698.949951,2816.290039,2816.290039,64542170000,3.602155622
8/1/2018,2821.169922,2916.5,2796.340088,2901.52002,2901.52002,69238220000,3.026321147
9/1/2018,2896.959961,2940.909912,2864.120117,2913.97998,2913.97998,62492080000,0.42942871
10/1/2018,2926.290039,2939.860107,2603.540039,2711.73999,2711.73999,91327930000,-6.940335602
11/1/2018,2717.580078,2815.149902,2631.090088,2760.169922,2760.169922,80080110000,1.785935679
12/1/2018,2790.5,2800.179932,2346.580078,2506.850098,2506.850098,83522570000,-9.17768946
1/1/2019,2476.959961,2708.949951,2443.959961,2704.100098,2704.100098,80401630000,7.868440166
2/1/2019,2702.320068,2813.48999,2681.830078,2784.48999,2784.48999,70183430000,2.972888913
3/1/2019,2798.219971,2860.310059,2722.27002,2834.399902,2834.399902,78596280000,1.792425621
4/1/2019,2848.629883,2949.52002,2848.629883,2945.830078,2945.830078,69604840000,3.93134984
5/1/2019,2952.330078,2954.129883,2750.52002,2752.060059,2752.060059,76860120000,-6.577773119
6/1/2019,2751.530029,2964.149902,2728.810059,2941.76001,2941.76001,70881390000,6.893016393
7/1/2019,2971.409912,3027.97998,2952.219971,2980.379883,2980.379883,70349470000,1.312815215
8/1/2019,2980.320068,3013.590088,2822.120117,2926.459961,2926.459961,79599440000,-1.809162728
9/1/2019,2909.01001,3021.98999,2891.850098,2976.73999,2976.73999,73992330000,1.718117783
10/1/2019,2983.689941,3050.100098,2855.939941,3037.560059,3037.560059,77564550000,2.043177073
11/1/2019,3050.719971,3154.26001,3050.719971,3140.97998,3140.97998,72179920000,3.404703742
12/1/2019,3143.850098,3247.929932,3070.330078,3230.780029,3230.780029,72054000000,2.858981896
1/1/2020,3244.669922,3337.77002,3214.639893,3225.52002,3225.52002,77104420000,-0.162809258
2/1/2020,3235.659912,3385.090088,3235.659912,3380.159912,3380.159912,37503540000,4.794262353
